[
  {
    "title": "Monster Survivors",
    "url": "https://www.onlinegames.io/monster-survivors/",
    "iframe_url": "https://cloud.onlinegames.io/games/2025/unity/monster-survivors/index-og.html"
  },
  {
    "title": "Halloween Survival",
    "url": "https://www.onlinegames.io/halloween-survival/",
    "iframe_url": "https://cloud.onlinegames.io/games/halloween-survival/index.html"
  },
  {
    "title": "Survival Karts",
    "url": "https://www.onlinegames.io/survival-karts/",
    "iframe_url": "https://cloud.onlinegames.io/games/survival-karts/index.html"
  }
]